{"cameraMode":{"drawMode":0,"name":"Shaded","section":"Shading Mode"},"sceneLighting":false,"audioPlay":false,"sceneViewState":{"showFog":true,"showMaterialUpdate":true,"showSkybox":false,"showFlares":true,"showImageEffects":true,"showParticleSystems":true},"in2DMode":false,"pivot":{"x":-179.8793487548828,"y":75.24697875976563,"z":150.16334533691407},"rotation":{"x":0.0025604842230677606,"y":-0.9541191458702087,"z":-0.005159018561244011,"w":-0.3003237545490265},"size":6.1658830642700199,"orthographic":false}