{"cameraMode":{"drawMode":0,"name":"Shaded","section":"Shading Mode"},"sceneLighting":true,"audioPlay":false,"sceneViewState":{"showFog":true,"showMaterialUpdate":true,"showSkybox":true,"showFlares":true,"showImageEffects":true,"showParticleSystems":true},"in2DMode":false,"pivot":{"x":-98.23648834228516,"y":77.18936157226563,"z":122.6754379272461},"rotation":{"x":0.024156173691153528,"y":0.8012191653251648,"z":0.033988457173109058,"w":-0.597377598285675},"size":15.048041343688965,"orthographic":false}