{"cameraMode":{"drawMode":0,"name":"Shaded","section":"Shading Mode"},"sceneLighting":true,"audioPlay":false,"sceneViewState":{"showFog":true,"showMaterialUpdate":false,"showSkybox":false,"showFlares":true,"showImageEffects":true,"showParticleSystems":true},"in2DMode":false,"pivot":{"x":-85.02383422851563,"y":65.13473510742188,"z":37.60208511352539},"rotation":{"x":0.2613987624645233,"y":-0.3294302225112915,"z":0.09544399380683899,"w":0.9022465348243713},"size":401.5796813964844,"orthographic":false}