{"cameraMode":{"drawMode":0,"name":"Shaded","section":"Shading Mode"},"sceneLighting":true,"audioPlay":false,"sceneViewState":{"showFog":true,"showMaterialUpdate":false,"showSkybox":true,"showFlares":true,"showImageEffects":true,"showParticleSystems":true},"in2DMode":false,"pivot":{"x":-14.576339721679688,"y":94.5103759765625,"z":-146.86810302734376},"rotation":{"x":-0.1563960611820221,"y":0.804439127445221,"z":-0.2422572523355484,"w":-0.5193988084793091},"size":313.6697082519531,"orthographic":false}