{"cameraMode":{"drawMode":0,"name":"Shaded","section":"Shading Mode"},"sceneLighting":true,"audioPlay":false,"sceneViewState":{"showFog":true,"showMaterialUpdate":false,"showSkybox":true,"showFlares":true,"showImageEffects":true,"showParticleSystems":true},"in2DMode":false,"pivot":{"x":225.5533905029297,"y":56.25204086303711,"z":-244.81842041015626},"rotation":{"x":-0.21618235111236573,"y":-0.7729811668395996,"z":0.31851473450660708,"w":-0.5057153701782227},"size":65.70448303222656,"orthographic":false}