{"cameraMode":{"drawMode":0,"name":"Shaded","section":"Shading Mode"},"sceneLighting":false,"audioPlay":false,"sceneViewState":{"showFog":true,"showMaterialUpdate":false,"showSkybox":false,"showFlares":true,"showImageEffects":true,"showParticleSystems":true},"in2DMode":false,"pivot":{"x":-100.57393646240235,"y":76.37510681152344,"z":232.1219482421875},"rotation":{"x":-0.1537250131368637,"y":-0.8419446349143982,"z":0.41011449694633486,"w":-0.3153783679008484},"size":7.024177551269531,"orthographic":false}