{"cameraMode":{"drawMode":0,"name":"Shaded","section":"Shading Mode"},"sceneLighting":true,"audioPlay":false,"sceneViewState":{"showFog":true,"showMaterialUpdate":false,"showSkybox":true,"showFlares":true,"showImageEffects":true,"showParticleSystems":true},"in2DMode":false,"pivot":{"x":312.8828125,"y":57.187744140625,"z":-357.0634765625},"rotation":{"x":-0.04249758645892143,"y":-0.822693407535553,"z":0.054906368255615237,"w":-0.5656934976577759},"size":10.453697204589844,"orthographic":true}