{"cameraMode":{"drawMode":0,"name":"Shaded","section":"Shading Mode"},"sceneLighting":true,"audioPlay":false,"sceneViewState":{"showFog":true,"showMaterialUpdate":false,"showSkybox":true,"showFlares":true,"showImageEffects":true,"showParticleSystems":true},"in2DMode":false,"pivot":{"x":164.43702697753907,"y":-18.058135986328126,"z":-78.47166442871094},"rotation":{"x":-0.07529192417860031,"y":-0.9239416122436523,"z":0.2917814552783966,"w":-0.23693829774856568},"size":247.93218994140626,"orthographic":false}