{"cameraMode":{"drawMode":0,"name":"Shaded","section":"Shading Mode"},"sceneLighting":false,"audioPlay":false,"sceneViewState":{"showFog":true,"showMaterialUpdate":false,"showSkybox":false,"showFlares":true,"showImageEffects":true,"showParticleSystems":true},"in2DMode":false,"pivot":{"x":-139.48965454101563,"y":83.02794647216797,"z":115.27800750732422},"rotation":{"x":-0.05484636873006821,"y":0.5858535766601563,"z":-0.03978698328137398,"w":-0.8075826168060303},"size":32.42809295654297,"orthographic":false}