{"cameraMode":{"drawMode":0,"name":"Shaded","section":"Shading Mode"},"sceneLighting":true,"audioPlay":false,"sceneViewState":{"showFog":true,"showMaterialUpdate":false,"showSkybox":true,"showFlares":true,"showImageEffects":true,"showParticleSystems":true},"in2DMode":false,"pivot":{"x":128.1315460205078,"y":83.06427764892578,"z":122.63199615478516},"rotation":{"x":-0.1257346272468567,"y":0.48714038729667666,"z":-0.07105311751365662,"w":-0.8614493012428284},"size":136.73867797851563,"orthographic":false}