{"cameraMode":{"drawMode":0,"name":"Shaded","section":"Shading Mode"},"sceneLighting":true,"audioPlay":false,"sceneViewState":{"showFog":true,"showMaterialUpdate":false,"showSkybox":true,"showFlares":true,"showImageEffects":true,"showParticleSystems":true},"in2DMode":false,"pivot":{"x":78.61481475830078,"y":76.20274353027344,"z":-68.13880157470703},"rotation":{"x":-0.07035014033317566,"y":0.9117642641067505,"z":-0.18257278203964234,"w":-0.3625783920288086},"size":122.92572021484375,"orthographic":false}