{"cameraMode":{"drawMode":0,"name":"Shaded","section":"Shading Mode"},"sceneLighting":false,"audioPlay":false,"sceneViewState":{"showFog":true,"showMaterialUpdate":false,"showSkybox":false,"showFlares":true,"showImageEffects":true,"showParticleSystems":true},"in2DMode":false,"pivot":{"x":-106.14654541015625,"y":9.05467700958252,"z":-125.07415771484375},"rotation":{"x":-0.09103187918663025,"y":0.4946565330028534,"z":-0.051959503442049029,"w":-0.8628405928611755},"size":41.59624481201172,"orthographic":false}