{"cameraMode":{"drawMode":0,"name":"Shaded","section":"Shading Mode"},"sceneLighting":false,"audioPlay":false,"sceneViewState":{"showFog":true,"showMaterialUpdate":false,"showSkybox":false,"showFlares":true,"showImageEffects":true,"showParticleSystems":true},"in2DMode":false,"pivot":{"x":136.7342529296875,"y":61.94557189941406,"z":321.6649475097656},"rotation":{"x":-0.16506601870059968,"y":0.5037550330162048,"z":-0.09866854548454285,"w":-0.8422581553459168},"size":5.07090950012207,"orthographic":false}