{"cameraMode":{"drawMode":0,"name":"Shaded","section":"Shading Mode"},"sceneLighting":false,"audioPlay":false,"sceneViewState":{"showFog":true,"showMaterialUpdate":false,"showSkybox":false,"showFlares":true,"showImageEffects":true,"showParticleSystems":true},"in2DMode":false,"pivot":{"x":-119.72042846679688,"y":82.63734436035156,"z":84.84272766113281},"rotation":{"x":0.011929594911634922,"y":0.9728233814239502,"z":-0.22572709619998933,"w":0.051325585693120959},"size":18.157264709472658,"orthographic":false}