{"cameraMode":{"drawMode":0,"name":"Shaded","section":"Shading Mode"},"sceneLighting":false,"audioPlay":false,"sceneViewState":{"showFog":true,"showMaterialUpdate":false,"showSkybox":false,"showFlares":true,"showImageEffects":true,"showParticleSystems":true},"in2DMode":false,"pivot":{"x":-98.31973266601563,"y":77.20516967773438,"z":123.36360168457031},"rotation":{"x":-0.05186532065272331,"y":-0.917556643486023,"z":0.12741857767105103,"w":-0.3732067048549652},"size":5.543215751647949,"orthographic":false}