{"cameraMode":{"drawMode":0,"name":"Shaded","section":"Shading Mode"},"sceneLighting":false,"audioPlay":false,"sceneViewState":{"showFog":true,"showMaterialUpdate":false,"showSkybox":false,"showFlares":true,"showImageEffects":true,"showParticleSystems":true},"in2DMode":false,"pivot":{"x":359.91021728515627,"y":52.00693130493164,"z":-162.18984985351563},"rotation":{"x":0.05335671827197075,"y":0.7758296728134155,"z":-0.06592947244644165,"w":0.6255407333374023},"size":44.8367919921875,"orthographic":false}