{"cameraMode":{"drawMode":0,"name":"Shaded","section":"Shading Mode"},"sceneLighting":false,"audioPlay":false,"sceneViewState":{"showFog":true,"showMaterialUpdate":false,"showSkybox":false,"showFlares":true,"showImageEffects":true,"showParticleSystems":true},"in2DMode":false,"pivot":{"x":-0.038963884115219119,"y":0.27232491970062258,"z":-0.025106966495513917},"rotation":{"x":-0.05184232071042061,"y":0.9404168725013733,"z":-0.2918694317340851,"w":-0.16771383583545686},"size":1.540786862373352,"orthographic":false}