{"cameraMode":{"drawMode":0,"name":"Shaded","section":"Shading Mode"},"sceneLighting":false,"audioPlay":false,"sceneViewState":{"showFog":true,"showMaterialUpdate":false,"showSkybox":false,"showFlares":true,"showImageEffects":true,"showParticleSystems":true},"in2DMode":false,"pivot":{"x":-14.971492767333985,"y":2.067289352416992,"z":0.7243518829345703},"rotation":{"x":0.010749226436018944,"y":0.9801295399665833,"z":0.05563882738351822,"w":-0.19091221690177918},"size":6.858428955078125,"orthographic":false}