{"cameraMode":{"drawMode":0,"name":"Shaded","section":"Shading Mode"},"sceneLighting":false,"audioPlay":false,"sceneViewState":{"showFog":true,"showMaterialUpdate":false,"showSkybox":false,"showFlares":true,"showImageEffects":true,"showParticleSystems":true},"in2DMode":false,"pivot":{"x":-131.9623260498047,"y":95.80232238769531,"z":226.0526123046875},"rotation":{"x":0.03399641066789627,"y":0.9219939708709717,"z":-0.08320292085409165,"w":0.3767024576663971},"size":13.917991638183594,"orthographic":false}