{"cameraMode":{"drawMode":0,"name":"Shaded","section":"Shading Mode"},"sceneLighting":true,"audioPlay":false,"sceneViewState":{"showFog":true,"showMaterialUpdate":false,"showSkybox":true,"showFlares":true,"showImageEffects":true,"showParticleSystems":true},"in2DMode":false,"pivot":{"x":-59.13219451904297,"y":57.46220016479492,"z":107.94613647460938},"rotation":{"x":0.4174068868160248,"y":0.10582788288593292,"z":-0.05016773194074631,"w":0.901347815990448},"size":83.73163604736328,"orthographic":false}