{"cameraMode":{"drawMode":0,"name":"Shaded","section":"Shading Mode"},"sceneLighting":false,"audioPlay":false,"sceneViewState":{"showFog":true,"showMaterialUpdate":false,"showSkybox":false,"showFlares":true,"showImageEffects":true,"showParticleSystems":true},"in2DMode":false,"pivot":{"x":422.1806945800781,"y":56.041893005371097,"z":-117.56970977783203},"rotation":{"x":0.046456050127744678,"y":0.9508901834487915,"z":-0.2518199384212494,"w":0.17504854500293733},"size":4.300436496734619,"orthographic":false}