{"cameraMode":{"drawMode":0,"name":"Shaded","section":"Shading Mode"},"sceneLighting":false,"audioPlay":false,"sceneViewState":{"showFog":true,"showMaterialUpdate":false,"showSkybox":false,"showFlares":true,"showImageEffects":true,"showParticleSystems":true},"in2DMode":false,"pivot":{"x":-76.8215560913086,"y":81.76197814941406,"z":66.48367309570313},"rotation":{"x":0.3245087265968323,"y":-0.27739328145980837,"z":0.10015419870615006,"w":0.89874666929245},"size":15.183677673339844,"orthographic":false}