{"cameraMode":{"drawMode":0,"name":"Shaded","section":"Shading Mode"},"sceneLighting":false,"audioPlay":false,"sceneViewState":{"showFog":true,"showMaterialUpdate":false,"showSkybox":false,"showFlares":true,"showImageEffects":true,"showParticleSystems":true},"in2DMode":false,"pivot":{"x":0.0643463134765625,"y":1.0701138973236085,"z":1.1415594816207886},"rotation":{"x":-0.1702735722064972,"y":-0.6762425303459168,"z":0.16386720538139344,"w":-0.6981814503669739},"size":6.8735198974609379,"orthographic":false}