{"cameraMode":{"drawMode":0,"name":"Shaded","section":"Shading Mode"},"sceneLighting":true,"audioPlay":false,"sceneViewState":{"showFog":true,"showMaterialUpdate":false,"showSkybox":true,"showFlares":true,"showImageEffects":true,"showParticleSystems":true},"in2DMode":false,"pivot":{"x":-209.83460998535157,"y":73.13982391357422,"z":160.59837341308595},"rotation":{"x":-0.22207583487033845,"y":0.5653071999549866,"z":-0.1623222678899765,"w":-0.7789069414138794},"size":12.976090431213379,"orthographic":false}