{"cameraMode":{"drawMode":0,"name":"Shaded","section":"Shading Mode"},"sceneLighting":true,"audioPlay":false,"sceneViewState":{"showFog":true,"showMaterialUpdate":false,"showSkybox":true,"showFlares":true,"showImageEffects":true,"showParticleSystems":true},"in2DMode":false,"pivot":{"x":598.2403564453125,"y":46.82939910888672,"z":-200.78746032714845},"rotation":{"x":-0.07387588173151016,"y":-0.8975825905799866,"z":0.1696220189332962,"w":-0.4011475741863251},"size":140.22239685058595,"orthographic":false}