{"cameraMode":{"drawMode":0,"name":"Shaded","section":"Shading Mode"},"sceneLighting":false,"audioPlay":false,"sceneViewState":{"showFog":true,"showMaterialUpdate":false,"showSkybox":false,"showFlares":true,"showImageEffects":true,"showParticleSystems":true},"in2DMode":false,"pivot":{"x":-36.623409271240237,"y":64.82086181640625,"z":-30.68892478942871},"rotation":{"x":-0.0789107009768486,"y":0.9155393242835999,"z":-0.3329550623893738,"w":-0.2158569097518921},"size":12.085246086120606,"orthographic":false}