{"cameraMode":{"drawMode":0,"name":"Shaded","section":"Shading Mode"},"sceneLighting":false,"audioPlay":false,"sceneViewState":{"showFog":true,"showMaterialUpdate":false,"showSkybox":false,"showFlares":true,"showImageEffects":true,"showParticleSystems":true},"in2DMode":false,"pivot":{"x":135.84725952148438,"y":63.0400390625,"z":295.5474853515625},"rotation":{"x":-0.09664121270179749,"y":0.4409661293029785,"z":-0.04775580018758774,"w":-0.8911111950874329},"size":16.5765380859375,"orthographic":false}