{"cameraMode":{"drawMode":0,"name":"Shaded","section":"Shading Mode"},"sceneLighting":false,"audioPlay":false,"sceneViewState":{"showFog":true,"showMaterialUpdate":false,"showSkybox":false,"showFlares":true,"showImageEffects":true,"showParticleSystems":true},"in2DMode":false,"pivot":{"x":-12.466878890991211,"y":2.157344102859497,"z":-0.6275973916053772},"rotation":{"x":0.0025330011267215015,"y":-0.9962155222892761,"z":0.015149113722145558,"w":0.08784510940313339},"size":6.709906578063965,"orthographic":false}