{"cameraMode":{"drawMode":0,"name":"Shaded","section":"Shading Mode"},"sceneLighting":false,"audioPlay":false,"sceneViewState":{"showFog":true,"showMaterialUpdate":false,"showSkybox":false,"showFlares":true,"showImageEffects":true,"showParticleSystems":true},"in2DMode":false,"pivot":{"x":414.5899963378906,"y":59.25,"z":-142.6199951171875},"rotation":{"x":-0.0074500334449112419,"y":0.9926209449768066,"z":-0.0874880701303482,"w":-0.08600683510303498},"size":16.945650100708009,"orthographic":false}