{"cameraMode":{"drawMode":0,"name":"Shaded","section":"Shading Mode"},"sceneLighting":false,"audioPlay":false,"sceneViewState":{"showFog":true,"showMaterialUpdate":false,"showSkybox":false,"showFlares":true,"showImageEffects":true,"showParticleSystems":true},"in2DMode":false,"pivot":{"x":0.13899660110473634,"y":0.06018080934882164,"z":-0.07108335942029953},"rotation":{"x":0.1423192173242569,"y":-0.12842807173728944,"z":0.01848703995347023,"w":0.9813726544380188},"size":4.357232570648193,"orthographic":false}