{"cameraMode":{"drawMode":0,"name":"Shaded","section":"Shading Mode"},"sceneLighting":false,"audioPlay":false,"sceneViewState":{"showFog":true,"showMaterialUpdate":false,"showSkybox":false,"showFlares":true,"showImageEffects":true,"showParticleSystems":true},"in2DMode":false,"pivot":{"x":-180.71470642089845,"y":74.26165771484375,"z":150.27633666992188},"rotation":{"x":-0.014613327570259571,"y":0.9568070769309998,"z":-0.048838887363672259,"w":-0.2862573564052582},"size":3.1082160472869875,"orthographic":false}