{"cameraMode":{"drawMode":0,"name":"Shaded","section":"Shading Mode"},"sceneLighting":true,"audioPlay":false,"sceneViewState":{"showFog":true,"showMaterialUpdate":false,"showSkybox":true,"showFlares":true,"showImageEffects":true,"showParticleSystems":true},"in2DMode":false,"pivot":{"x":-207.83883666992188,"y":70.30042266845703,"z":183.3584442138672},"rotation":{"x":0.08383525162935257,"y":-0.19526922702789308,"z":0.01635167934000492,"w":0.9772601127624512},"size":154.7496337890625,"orthographic":false}