{"cameraMode":{"drawMode":0,"name":"Shaded","section":"Shading Mode"},"sceneLighting":true,"audioPlay":false,"sceneViewState":{"showFog":true,"showMaterialUpdate":false,"showSkybox":true,"showFlares":true,"showImageEffects":true,"showParticleSystems":true},"in2DMode":false,"pivot":{"x":217.99560546875,"y":65.99992370605469,"z":257.3255920410156},"rotation":{"x":-0.3601314127445221,"y":0.26732781529426577,"z":-0.10832728445529938,"w":-0.8873284459114075},"size":204.2027587890625,"orthographic":false}