{"cameraMode":{"drawMode":0,"name":"Shaded","section":"Shading Mode"},"sceneLighting":false,"audioPlay":false,"sceneViewState":{"showFog":true,"showMaterialUpdate":false,"showSkybox":false,"showFlares":true,"showImageEffects":true,"showParticleSystems":true},"in2DMode":false,"pivot":{"x":-201.33970642089845,"y":81.55473327636719,"z":369.55303955078127},"rotation":{"x":-0.04360508918762207,"y":0.7371581792831421,"z":-0.047475554049015048,"w":-0.6727615594863892},"size":39.99064636230469,"orthographic":false}