{"cameraMode":{"drawMode":0,"name":"Shaded","section":"Shading Mode"},"sceneLighting":true,"audioPlay":false,"sceneViewState":{"showFog":true,"showMaterialUpdate":false,"showSkybox":true,"showFlares":true,"showImageEffects":true,"showParticleSystems":true},"in2DMode":false,"pivot":{"x":-199.45762634277345,"y":55.875125885009769,"z":50.150543212890628},"rotation":{"x":-0.16859473288059236,"y":0.26423025131225588,"z":-0.04896806180477142,"w":-0.9487148523330689},"size":67.14956665039063,"orthographic":false}