{"cameraMode":{"drawMode":0,"name":"Shaded","section":"Shading Mode"},"sceneLighting":true,"audioPlay":false,"sceneViewState":{"showFog":true,"showMaterialUpdate":false,"showSkybox":true,"showFlares":true,"showImageEffects":true,"showParticleSystems":true},"in2DMode":false,"pivot":{"x":473.15557861328127,"y":-6.9015045166015629,"z":-174.82110595703126},"rotation":{"x":0.2047339826822281,"y":0.7515766620635986,"z":-0.27036693692207339,"w":0.5662709474563599},"size":251.7008514404297,"orthographic":false}