{"cameraMode":{"drawMode":0,"name":"Shaded","section":"Shading Mode"},"sceneLighting":true,"audioPlay":false,"sceneViewState":{"showFog":true,"showMaterialUpdate":false,"showSkybox":true,"showFlares":true,"showImageEffects":true,"showParticleSystems":true},"in2DMode":false,"pivot":{"x":164.35968017578126,"y":25.889636993408204,"z":-203.73544311523438},"rotation":{"x":-0.26516085863113406,"y":0.6485525369644165,"z":-0.25877898931503298,"w":-0.6651145815849304},"size":107.60584259033203,"orthographic":false}