{"cameraMode":{"drawMode":0,"name":"Shaded","section":"Shading Mode"},"sceneLighting":false,"audioPlay":false,"sceneViewState":{"showFog":true,"showMaterialUpdate":false,"showSkybox":false,"showFlares":true,"showImageEffects":true,"showParticleSystems":true},"in2DMode":false,"pivot":{"x":134.42108154296876,"y":63.749473571777347,"z":327.39697265625},"rotation":{"x":-0.01648544892668724,"y":0.6216905117034912,"z":-0.013006549328565598,"w":-0.7830787897109985},"size":18.94397735595703,"orthographic":false}