{"cameraMode":{"drawMode":0,"name":"Shaded","section":"Shading Mode"},"sceneLighting":false,"audioPlay":false,"sceneViewState":{"showFog":true,"showMaterialUpdate":false,"showSkybox":false,"showFlares":true,"showImageEffects":true,"showParticleSystems":true},"in2DMode":false,"pivot":{"x":131.8959197998047,"y":62.417903900146487,"z":343.9285888671875},"rotation":{"x":-0.418069064617157,"y":0.42158231139183047,"z":-0.22838866710662843,"w":-0.7716704607009888},"size":7.649652481079102,"orthographic":false}