{"cameraMode":{"drawMode":0,"name":"Shaded","section":"Shading Mode"},"sceneLighting":false,"audioPlay":false,"sceneViewState":{"showFog":true,"showMaterialUpdate":false,"showSkybox":false,"showFlares":true,"showImageEffects":true,"showParticleSystems":true},"in2DMode":false,"pivot":{"x":-98.31973266601563,"y":77.20516967773438,"z":123.36360168457031},"rotation":{"x":-0.1164952963590622,"y":0.8763662576675415,"z":-0.2653532028198242,"w":-0.3848559856414795},"size":5.243215560913086,"orthographic":false}