{"cameraMode":{"drawMode":0,"name":"Shaded","section":"Shading Mode"},"sceneLighting":true,"audioPlay":false,"sceneViewState":{"showFog":true,"showMaterialUpdate":false,"showSkybox":true,"showFlares":true,"showImageEffects":true,"showParticleSystems":true},"in2DMode":false,"pivot":{"x":-228.31671142578126,"y":86.31160736083985,"z":316.0172424316406},"rotation":{"x":0.019662560895085336,"y":-0.35590431094169619,"z":0.007375654298812151,"w":0.9343721270561218},"size":456.217041015625,"orthographic":false}