{"cameraMode":{"drawMode":0,"name":"Shaded","section":"Shading Mode"},"sceneLighting":false,"audioPlay":false,"sceneViewState":{"showFog":true,"showMaterialUpdate":false,"showSkybox":false,"showFlares":true,"showImageEffects":true,"showParticleSystems":true},"in2DMode":false,"pivot":{"x":-116.17237854003906,"y":4.36083984375,"z":-54.273704528808597},"rotation":{"x":0.06469134241342545,"y":-0.7621809244155884,"z":0.07709382474422455,"w":0.6395103931427002},"size":16.865903854370118,"orthographic":false}