{"cameraMode":{"drawMode":0,"name":"Shaded","section":"Shading Mode"},"sceneLighting":true,"audioPlay":false,"sceneViewState":{"showFog":true,"showMaterialUpdate":false,"showSkybox":true,"showFlares":true,"showImageEffects":true,"showParticleSystems":true},"in2DMode":false,"pivot":{"x":-163.09228515625,"y":53.20236587524414,"z":-4.307670593261719},"rotation":{"x":0.004036373924463987,"y":0.9876083731651306,"z":-0.15535399317741395,"w":0.031037388369441034},"size":100.04714965820313,"orthographic":false}