{"cameraMode":{"drawMode":0,"name":"Shaded","section":"Shading Mode"},"sceneLighting":false,"audioPlay":false,"sceneViewState":{"showFog":true,"showMaterialUpdate":false,"showSkybox":false,"showFlares":true,"showImageEffects":true,"showParticleSystems":true},"in2DMode":false,"pivot":{"x":136.7342529296875,"y":61.94557189941406,"z":321.6649475097656},"rotation":{"x":-0.418069064617157,"y":0.42158231139183047,"z":-0.22838866710662843,"w":-0.7716704607009888},"size":5.07090950012207,"orthographic":false}