{"cameraMode":{"drawMode":0,"name":"Shaded","section":"Shading Mode"},"sceneLighting":true,"audioPlay":false,"sceneViewState":{"showFog":true,"showMaterialUpdate":false,"showSkybox":true,"showFlares":true,"showImageEffects":true,"showParticleSystems":true},"in2DMode":false,"pivot":{"x":-14.020000457763672,"y":1.6010513305664063,"z":2.0200002193450929},"rotation":{"x":-0.0813991129398346,"y":0.8327741622924805,"z":-0.12654094398021699,"w":-0.5345510244369507},"size":5.512084007263184,"orthographic":false}