{"cameraMode":{"drawMode":0,"name":"Shaded","section":"Shading Mode"},"sceneLighting":true,"audioPlay":false,"sceneViewState":{"showFog":true,"showMaterialUpdate":false,"showSkybox":true,"showFlares":true,"showImageEffects":true,"showParticleSystems":true},"in2DMode":false,"pivot":{"x":-37.298797607421878,"y":65.12507629394531,"z":123.78204345703125},"rotation":{"x":0.1544923037290573,"y":0.6536059975624085,"z":-0.13718590140342713,"w":0.7294938564300537},"size":69.2999496459961,"orthographic":false}