{"cameraMode":{"drawMode":0,"name":"Shaded","section":"Shading Mode"},"sceneLighting":true,"audioPlay":false,"sceneViewState":{"showFog":true,"showMaterialUpdate":false,"showSkybox":true,"showFlares":true,"showImageEffects":true,"showParticleSystems":true},"in2DMode":false,"pivot":{"x":-204.63055419921876,"y":47.3793830871582,"z":101.40100860595703},"rotation":{"x":-0.03379184380173683,"y":0.9629332423210144,"z":-0.24366767704486848,"w":-0.11434853076934815},"size":75.60868072509766,"orthographic":false}