{"cameraMode":{"drawMode":0,"name":"Shaded","section":"Shading Mode"},"sceneLighting":false,"audioPlay":false,"sceneViewState":{"showFog":true,"showMaterialUpdate":false,"showSkybox":false,"showFlares":true,"showImageEffects":true,"showParticleSystems":true},"in2DMode":false,"pivot":{"x":-192.244140625,"y":74.21446990966797,"z":147.01129150390626},"rotation":{"x":-0.05184232071042061,"y":0.9404168725013733,"z":-0.2918694317340851,"w":-0.16771383583545686},"size":1.253714680671692,"orthographic":false}