{"cameraMode":{"drawMode":0,"name":"Shaded","section":"Shading Mode"},"sceneLighting":false,"audioPlay":false,"sceneViewState":{"showFog":true,"showMaterialUpdate":false,"showSkybox":false,"showFlares":true,"showImageEffects":true,"showParticleSystems":true},"in2DMode":false,"pivot":{"x":-156.83126831054688,"y":72.60260772705078,"z":97.27745056152344},"rotation":{"x":-0.16511543095111848,"y":0.7765018343925476,"z":-0.2217971235513687,"w":-0.567812442779541},"size":28.36751937866211,"orthographic":false}