{"cameraMode":{"drawMode":0,"name":"Shaded","section":"Shading Mode"},"sceneLighting":true,"audioPlay":false,"sceneViewState":{"showFog":true,"showMaterialUpdate":false,"showSkybox":true,"showFlares":true,"showImageEffects":true,"showParticleSystems":true},"in2DMode":false,"pivot":{"x":249.36416625976563,"y":51.79546356201172,"z":-183.8866424560547},"rotation":{"x":-0.15143446624279023,"y":0.782023549079895,"z":-0.20233939588069917,"w":-0.5709261298179627},"size":563.82470703125,"orthographic":false}