{"cameraMode":{"drawMode":0,"name":"Shaded","section":"Shading Mode"},"sceneLighting":true,"audioPlay":false,"sceneViewState":{"showFog":true,"showMaterialUpdate":false,"showSkybox":true,"showFlares":true,"showImageEffects":true,"showParticleSystems":true},"in2DMode":false,"pivot":{"x":-177.43637084960938,"y":74.97752380371094,"z":102.24954986572266},"rotation":{"x":-0.0011331253917887807,"y":-0.9958063960075378,"z":0.08989720791578293,"w":-0.026295145973563196},"size":19.3990535736084,"orthographic":false}