{"cameraMode":{"drawMode":0,"name":"Shaded","section":"Shading Mode"},"sceneLighting":false,"audioPlay":false,"sceneViewState":{"showFog":true,"showMaterialUpdate":false,"showSkybox":false,"showFlares":true,"showImageEffects":true,"showParticleSystems":true},"in2DMode":false,"pivot":{"x":17.805585861206056,"y":1.1054553985595704,"z":-62.80971145629883},"rotation":{"x":-0.03611661493778229,"y":0.9558126926422119,"z":-0.25990092754364016,"w":-0.13274049758911134},"size":19.677453994750978,"orthographic":false}