{"cameraMode":{"drawMode":0,"name":"Shaded","section":"Shading Mode"},"sceneLighting":true,"audioPlay":false,"sceneViewState":{"showFog":true,"showMaterialUpdate":false,"showSkybox":true,"showFlares":true,"showImageEffects":true,"showParticleSystems":true},"in2DMode":false,"pivot":{"x":271.97125244140627,"y":54.22487258911133,"z":-347.6053161621094},"rotation":{"x":-0.08007349073886872,"y":-0.9170850515365601,"z":0.3099469244480133,"w":-0.2382441759109497},"size":139.38450622558595,"orthographic":false}