{"cameraMode":{"drawMode":0,"name":"Shaded","section":"Shading Mode"},"sceneLighting":false,"audioPlay":false,"sceneViewState":{"showFog":true,"showMaterialUpdate":false,"showSkybox":false,"showFlares":true,"showImageEffects":true,"showParticleSystems":true},"in2DMode":false,"pivot":{"x":-101.47705841064453,"y":4.537475109100342,"z":-105.59329223632813},"rotation":{"x":0.053326185792684558,"y":0.04192747548222542,"z":-0.0022410943638533355,"w":0.9976964592933655},"size":15.004039764404297,"orthographic":true}