{"cameraMode":{"drawMode":0,"name":"Shaded","section":"Shading Mode"},"sceneLighting":false,"audioPlay":false,"sceneViewState":{"showFog":true,"showMaterialUpdate":false,"showSkybox":false,"showFlares":true,"showImageEffects":true,"showParticleSystems":true},"in2DMode":false,"pivot":{"x":0.29653456807136538,"y":0.2584422528743744,"z":-0.3078751564025879},"rotation":{"x":0.010106300935149193,"y":-0.9248850345611572,"z":-0.024707751348614694,"w":-0.3801059126853943},"size":6.591160774230957,"orthographic":true}