{"cameraMode":{"drawMode":0,"name":"Shaded","section":"Shading Mode"},"sceneLighting":true,"audioPlay":false,"sceneViewState":{"showFog":true,"showMaterialUpdate":false,"showSkybox":true,"showFlares":true,"showImageEffects":true,"showParticleSystems":true},"in2DMode":false,"pivot":{"x":-55.73883056640625,"y":50.6968879699707,"z":-8.382560729980469},"rotation":{"x":-0.28705576062202456,"y":-0.3946891129016876,"z":0.13187724351882935,"w":-0.8631264567375183},"size":68.50389099121094,"orthographic":false}