{"cameraMode":{"drawMode":0,"name":"Shaded","section":"Shading Mode"},"sceneLighting":false,"audioPlay":false,"sceneViewState":{"showFog":true,"showMaterialUpdate":false,"showSkybox":false,"showFlares":true,"showImageEffects":true,"showParticleSystems":true},"in2DMode":false,"pivot":{"x":-12.535629272460938,"y":0.7401819229125977,"z":2.4079959392547609},"rotation":{"x":-0.179936021566391,"y":0.39822399616241457,"z":-0.08039386570453644,"w":-0.8962386846542358},"size":19.611801147460939,"orthographic":false}