{"cameraMode":{"drawMode":0,"name":"Shaded","section":"Shading Mode"},"sceneLighting":true,"audioPlay":false,"sceneViewState":{"showFog":true,"showMaterialUpdate":false,"showSkybox":true,"showFlares":true,"showImageEffects":true,"showParticleSystems":true},"in2DMode":false,"pivot":{"x":-47.19502258300781,"y":17.644973754882814,"z":127.73200225830078},"rotation":{"x":0.1825885772705078,"y":0.5398303270339966,"z":-0.11973515897989273,"w":0.8141996264457703},"size":222.24737548828126,"orthographic":false}