{"cameraMode":{"drawMode":0,"name":"Shaded","section":"Shading Mode"},"sceneLighting":false,"audioPlay":false,"sceneViewState":{"showFog":true,"showMaterialUpdate":false,"showSkybox":false,"showFlares":true,"showImageEffects":true,"showParticleSystems":true},"in2DMode":false,"pivot":{"x":-56.387760162353519,"y":62.86507034301758,"z":-41.72233581542969},"rotation":{"x":0.18221361935138703,"y":0.16782602667808534,"z":-0.03158056363463402,"w":0.9683206677436829},"size":4.6831464767456059,"orthographic":false}