{"cameraMode":{"drawMode":0,"name":"Shaded","section":"Shading Mode"},"sceneLighting":true,"audioPlay":false,"sceneViewState":{"showFog":true,"showMaterialUpdate":false,"showSkybox":false,"showFlares":true,"showImageEffects":true,"showParticleSystems":true},"in2DMode":false,"pivot":{"x":-145.25234985351563,"y":-0.7387502193450928,"z":40.88416290283203},"rotation":{"x":0.037137165665626529,"y":-0.6081631183624268,"z":0.02847100794315338,"w":0.7924693822860718},"size":9.255511283874512,"orthographic":false}