{"cameraMode":{"drawMode":0,"name":"Shaded","section":"Shading Mode"},"sceneLighting":true,"audioPlay":false,"sceneViewState":{"showFog":true,"showMaterialUpdate":false,"showSkybox":true,"showFlares":true,"showImageEffects":true,"showParticleSystems":true},"in2DMode":false,"pivot":{"x":94.43235778808594,"y":46.017940521240237,"z":-94.22237396240235},"rotation":{"x":0.29106467962265017,"y":-0.4320405423641205,"z":0.15576232969760896,"w":0.8401059508323669},"size":230.0673828125,"orthographic":false}