{"cameraMode":{"drawMode":0,"name":"Shaded","section":"Shading Mode"},"sceneLighting":false,"audioPlay":false,"sceneViewState":{"showFog":true,"showMaterialUpdate":false,"showSkybox":false,"showFlares":true,"showImageEffects":true,"showParticleSystems":true},"in2DMode":false,"pivot":{"x":138.8028564453125,"y":63.82588195800781,"z":303.9249267578125},"rotation":{"x":-0.09171134233474732,"y":-0.4322788715362549,"z":0.04425220564007759,"w":-0.8960567712783814},"size":6.769074440002441,"orthographic":false}