{"cameraMode":{"drawMode":0,"name":"Shaded","section":"Shading Mode"},"sceneLighting":false,"audioPlay":false,"sceneViewState":{"showFog":true,"showMaterialUpdate":false,"showSkybox":false,"showFlares":true,"showImageEffects":true,"showParticleSystems":true},"in2DMode":false,"pivot":{"x":-126.95225524902344,"y":91.94534301757813,"z":222.80282592773438},"rotation":{"x":-0.10789883136749268,"y":0.8616943359375,"z":-0.2062743902206421,"w":-0.45130014419555666},"size":1.3896899223327637,"orthographic":false}