{"cameraMode":{"drawMode":0,"name":"Shaded","section":"Shading Mode"},"sceneLighting":true,"audioPlay":false,"sceneViewState":{"showFog":true,"showMaterialUpdate":false,"showSkybox":true,"showFlares":true,"showImageEffects":true,"showParticleSystems":true},"in2DMode":false,"pivot":{"x":369.5633544921875,"y":41.9716911315918,"z":-38.75615310668945},"rotation":{"x":-0.1498844027519226,"y":-0.11571433395147324,"z":0.017678119242191316,"w":-0.9817636609077454},"size":129.0313720703125,"orthographic":false}