{"cameraMode":{"drawMode":0,"name":"Shaded","section":"Shading Mode"},"sceneLighting":true,"audioPlay":false,"sceneViewState":{"showFog":true,"showMaterialUpdate":false,"showSkybox":true,"showFlares":true,"showImageEffects":true,"showParticleSystems":true},"in2DMode":false,"pivot":{"x":22.9385986328125,"y":103.594482421875,"z":60.83125305175781},"rotation":{"x":-0.02382611110806465,"y":0.8234533071517944,"z":-0.034575458616018298,"w":-0.5659064054489136},"size":234.37509155273438,"orthographic":false}