{"cameraMode":{"drawMode":0,"name":"Shaded","section":"Shading Mode"},"sceneLighting":false,"audioPlay":false,"sceneViewState":{"showFog":true,"showMaterialUpdate":false,"showSkybox":false,"showFlares":true,"showImageEffects":true,"showParticleSystems":true},"in2DMode":false,"pivot":{"x":163.66001892089845,"y":75.63472747802735,"z":-317.179931640625},"rotation":{"x":-0.07129944115877152,"y":0.9236728549003601,"z":-0.255932092666626,"w":-0.2787970304489136},"size":13.001187324523926,"orthographic":false}