{"cameraMode":{"drawMode":0,"name":"Shaded","section":"Shading Mode"},"sceneLighting":true,"audioPlay":false,"sceneViewState":{"showFog":true,"showMaterialUpdate":false,"showSkybox":true,"showFlares":true,"showImageEffects":true,"showParticleSystems":true},"in2DMode":false,"pivot":{"x":373.0473937988281,"y":18.280187606811525,"z":216.9531707763672},"rotation":{"x":0.13144080340862275,"y":0.5287155508995056,"z":-0.0834924578666687,"w":0.8347141742706299},"size":431.8063049316406,"orthographic":false}