{"cameraMode":{"drawMode":0,"name":"Shaded","section":"Shading Mode"},"sceneLighting":true,"audioPlay":false,"sceneViewState":{"showFog":true,"showMaterialUpdate":false,"showSkybox":false,"showFlares":true,"showImageEffects":true,"showParticleSystems":true},"in2DMode":false,"pivot":{"x":-98.7841796875,"y":78.296630859375,"z":122.619140625},"rotation":{"x":-0.001457289676181972,"y":0.9985344409942627,"z":-0.040462739765644076,"w":-0.03596300631761551},"size":8.12108325958252,"orthographic":true}