{"cameraMode":{"drawMode":0,"name":"Shaded","section":"Shading Mode"},"sceneLighting":false,"audioPlay":false,"sceneViewState":{"showFog":true,"showMaterialUpdate":false,"showSkybox":false,"showFlares":true,"showImageEffects":true,"showParticleSystems":true},"in2DMode":false,"pivot":{"x":-113.88442993164063,"y":1.2829293012619019,"z":-70.85511016845703},"rotation":{"x":-0.05636430159211159,"y":-0.9248822331428528,"z":0.34442371129989626,"w":-0.15273413062095643},"size":2.637854814529419,"orthographic":false}