{"cameraMode":{"drawMode":0,"name":"Shaded","section":"Shading Mode"},"sceneLighting":true,"audioPlay":false,"sceneViewState":{"showFog":true,"showMaterialUpdate":false,"showSkybox":true,"showFlares":true,"showImageEffects":true,"showParticleSystems":true},"in2DMode":false,"pivot":{"x":134.69598388671876,"y":75.38182067871094,"z":-328.1597900390625},"rotation":{"x":-0.07970521599054337,"y":-0.6042982935905457,"z":0.05391644686460495,"w":-0.7918652296066284},"size":17.795644760131837,"orthographic":false}