{"cameraMode":{"drawMode":0,"name":"Shaded","section":"Shading Mode"},"sceneLighting":true,"audioPlay":false,"sceneViewState":{"showFog":true,"showMaterialUpdate":false,"showSkybox":true,"showFlares":true,"showImageEffects":true,"showParticleSystems":true},"in2DMode":false,"pivot":{"x":-196.13662719726563,"y":56.17048263549805,"z":50.49898147583008},"rotation":{"x":-0.02159915678203106,"y":-0.9727275371551514,"z":0.20827297866344453,"w":-0.10170494019985199},"size":40.13270568847656,"orthographic":false}