{"cameraMode":{"drawMode":0,"name":"Shaded","section":"Shading Mode"},"sceneLighting":false,"audioPlay":false,"sceneViewState":{"showFog":true,"showMaterialUpdate":false,"showSkybox":false,"showFlares":true,"showImageEffects":true,"showParticleSystems":true},"in2DMode":false,"pivot":{"x":-1.3023731708526612,"y":0.9788912534713745,"z":-3.3326780796051027},"rotation":{"x":0.02020854316651821,"y":-0.9443004131317139,"z":0.32344114780426028,"w":0.05877965688705444},"size":7.142359733581543,"orthographic":false}