{"cameraMode":{"drawMode":0,"name":"Shaded","section":"Shading Mode"},"sceneLighting":true,"audioPlay":false,"sceneViewState":{"showFog":true,"showMaterialUpdate":false,"showSkybox":true,"showFlares":true,"showImageEffects":true,"showParticleSystems":true},"in2DMode":false,"pivot":{"x":-181.64260864257813,"y":78.3575668334961,"z":132.1326141357422},"rotation":{"x":0.02489645592868328,"y":-0.0008719444740563631,"z":-5.249010541774624e-7,"w":0.9997141361236572},"size":11.401846885681153,"orthographic":false}