{"cameraMode":{"drawMode":0,"name":"Shaded","section":"Shading Mode"},"sceneLighting":true,"audioPlay":false,"sceneViewState":{"showFog":true,"showMaterialUpdate":false,"showSkybox":true,"showFlares":true,"showImageEffects":true,"showParticleSystems":true},"in2DMode":false,"pivot":{"x":139.5730438232422,"y":56.4492073059082,"z":-280.4512939453125},"rotation":{"x":-0.024700943380594255,"y":-0.965804398059845,"z":0.10032134503126145,"w":-0.2378758043050766},"size":7.538729190826416,"orthographic":false}