{"cameraMode":{"drawMode":0,"name":"Shaded","section":"Shading Mode"},"sceneLighting":false,"audioPlay":false,"sceneViewState":{"showFog":true,"showMaterialUpdate":false,"showSkybox":false,"showFlares":true,"showImageEffects":true,"showParticleSystems":true},"in2DMode":false,"pivot":{"x":-120.15874481201172,"y":86.04710388183594,"z":152.03750610351563},"rotation":{"x":0.15378037095069886,"y":0.1408926099538803,"z":-0.022159133106470109,"w":0.9777625203132629},"size":38.386985778808597,"orthographic":false}