{"cameraMode":{"drawMode":0,"name":"Shaded","section":"Shading Mode"},"sceneLighting":true,"audioPlay":false,"sceneViewState":{"showFog":true,"showMaterialUpdate":false,"showSkybox":true,"showFlares":true,"showImageEffects":true,"showParticleSystems":true},"in2DMode":false,"pivot":{"x":-189.97149658203126,"y":74.24921417236328,"z":142.05050659179688},"rotation":{"x":-0.2709665894508362,"y":-0.14151562750339509,"z":0.040746718645095828,"w":-0.951495885848999},"size":4.755420207977295,"orthographic":false}