{"cameraMode":{"drawMode":0,"name":"Shaded","section":"Shading Mode"},"sceneLighting":true,"audioPlay":false,"sceneViewState":{"showFog":true,"showMaterialUpdate":false,"showSkybox":true,"showFlares":true,"showImageEffects":true,"showParticleSystems":true},"in2DMode":false,"pivot":{"x":-414.7992858886719,"y":84.71076965332031,"z":410.5462341308594},"rotation":{"x":-0.0442887544631958,"y":0.40743204951286318,"z":-0.022223899140954019,"w":-0.9123250246047974},"size":559.505615234375,"orthographic":false}