{"cameraMode":{"drawMode":0,"name":"Shaded","section":"Shading Mode"},"sceneLighting":true,"audioPlay":false,"sceneViewState":{"showFog":true,"showMaterialUpdate":false,"showSkybox":true,"showFlares":true,"showImageEffects":true,"showParticleSystems":true},"in2DMode":false,"pivot":{"x":-131.65301513671876,"y":70.95763397216797,"z":74.1549301147461},"rotation":{"x":-0.12266146391630173,"y":-0.8636832237243652,"z":0.2533240020275116,"w":-0.4181567430496216},"size":5.870689868927002,"orthographic":false}