{"cameraMode":{"drawMode":0,"name":"Shaded","section":"Shading Mode"},"sceneLighting":false,"audioPlay":false,"sceneViewState":{"showFog":true,"showMaterialUpdate":false,"showSkybox":false,"showFlares":true,"showImageEffects":true,"showParticleSystems":true},"in2DMode":false,"pivot":{"x":-124.86563110351563,"y":81.24459075927735,"z":30.635517120361329},"rotation":{"x":-0.016405194997787477,"y":0.8678271174430847,"z":0.028630226850509645,"w":0.49597033858299258},"size":132.40841674804688,"orthographic":false}