{"cameraMode":{"drawMode":0,"name":"Shaded","section":"Shading Mode"},"sceneLighting":false,"audioPlay":false,"sceneViewState":{"showFog":true,"showMaterialUpdate":false,"showSkybox":false,"showFlares":true,"showImageEffects":true,"showParticleSystems":true},"in2DMode":false,"pivot":{"x":-103.20269012451172,"y":0.3057847321033478,"z":-94.34290313720703},"rotation":{"x":-0.011907458305358887,"y":-0.9834599494934082,"z":0.07033707201480866,"w":-0.16649411618709565},"size":7.254444122314453,"orthographic":true}