{"cameraMode":{"drawMode":0,"name":"Shaded","section":"Shading Mode"},"sceneLighting":true,"audioPlay":false,"sceneViewState":{"showFog":true,"showMaterialUpdate":false,"showSkybox":false,"showFlares":true,"showImageEffects":true,"showParticleSystems":true},"in2DMode":false,"pivot":{"x":-0.4754982888698578,"y":2.442655324935913,"z":-3.7476940155029299},"rotation":{"x":0.06234617903828621,"y":-0.8273307085037231,"z":0.09337186813354492,"w":0.5505608916282654},"size":5.981987476348877,"orthographic":false}