{"cameraMode":{"drawMode":0,"name":"Shaded","section":"Shading Mode"},"sceneLighting":false,"audioPlay":false,"sceneViewState":{"showFog":true,"showMaterialUpdate":false,"showSkybox":false,"showFlares":true,"showImageEffects":true,"showParticleSystems":true},"in2DMode":false,"pivot":{"x":359.722900390625,"y":63.25782775878906,"z":-330.8363037109375},"rotation":{"x":-0.04360508918762207,"y":0.7371581792831421,"z":-0.047475554049015048,"w":-0.6727615594863892},"size":35.540870666503909,"orthographic":false}