{"cameraMode":{"drawMode":0,"name":"Shaded","section":"Shading Mode"},"sceneLighting":false,"audioPlay":false,"sceneViewState":{"showFog":true,"showMaterialUpdate":false,"showSkybox":false,"showFlares":true,"showImageEffects":true,"showParticleSystems":true},"in2DMode":false,"pivot":{"x":-113.93561553955078,"y":77.35773468017578,"z":136.5282745361328},"rotation":{"x":-0.006326404400169849,"y":0.9937723875045776,"z":-0.08216797560453415,"w":-0.07595289498567581},"size":9.812901496887207,"orthographic":false}