{"cameraMode":{"drawMode":0,"name":"Shaded","section":"Shading Mode"},"sceneLighting":true,"audioPlay":false,"sceneViewState":{"showFog":true,"showMaterialUpdate":false,"showSkybox":true,"showFlares":true,"showImageEffects":true,"showParticleSystems":true},"in2DMode":false,"pivot":{"x":-197.78114318847657,"y":76.05156707763672,"z":168.52110290527345},"rotation":{"x":-0.01552062202244997,"y":-0.9765552282333374,"z":0.18533949553966523,"w":-0.11299608647823334},"size":12.668364524841309,"orthographic":false}