{"cameraMode":{"drawMode":0,"name":"Shaded","section":"Shading Mode"},"sceneLighting":false,"audioPlay":false,"sceneViewState":{"showFog":true,"showMaterialUpdate":false,"showSkybox":false,"showFlares":true,"showImageEffects":true,"showParticleSystems":true},"in2DMode":false,"pivot":{"x":-126.6571273803711,"y":91.15362548828125,"z":222.80943298339845},"rotation":{"x":0.23345987498760224,"y":-0.6211071610450745,"z":0.19424936175346375,"w":0.7231156826019287},"size":3.079146385192871,"orthographic":false}