{"cameraMode":{"drawMode":0,"name":"Shaded","section":"Shading Mode"},"sceneLighting":false,"audioPlay":false,"sceneViewState":{"showFog":true,"showMaterialUpdate":false,"showSkybox":false,"showFlares":true,"showImageEffects":true,"showParticleSystems":true},"in2DMode":false,"pivot":{"x":132.41851806640626,"y":64.1619873046875,"z":335.4762878417969},"rotation":{"x":-0.21811114251613618,"y":0.4781118333339691,"z":-0.12382917106151581,"w":-0.8418155908584595},"size":14.52961254119873,"orthographic":false}