{"cameraMode":{"drawMode":0,"name":"Shaded","section":"Shading Mode"},"sceneLighting":true,"audioPlay":false,"sceneViewState":{"showFog":true,"showMaterialUpdate":false,"showSkybox":true,"showFlares":true,"showImageEffects":true,"showParticleSystems":true},"in2DMode":false,"pivot":{"x":-117.22193908691406,"y":120.64407348632813,"z":383.9783020019531},"rotation":{"x":0.037747107446193698,"y":0.1428113579750061,"z":0.00515775615349412,"w":-0.989176869392395},"size":616.280029296875,"orthographic":false}