{"cameraMode":{"drawMode":0,"name":"Shaded","section":"Shading Mode"},"sceneLighting":false,"audioPlay":false,"sceneViewState":{"showFog":true,"showMaterialUpdate":false,"showSkybox":false,"showFlares":true,"showImageEffects":true,"showParticleSystems":true},"in2DMode":false,"pivot":{"x":-129.60183715820313,"y":1.4412825107574463,"z":-100.38558959960938},"rotation":{"x":0.15912379324436189,"y":0.4454714357852936,"z":-0.08075786381959915,"w":0.8773779273033142},"size":16.037567138671876,"orthographic":false}