{"cameraMode":{"drawMode":0,"name":"Shaded","section":"Shading Mode"},"sceneLighting":false,"audioPlay":false,"sceneViewState":{"showFog":true,"showMaterialUpdate":false,"showSkybox":false,"showFlares":true,"showImageEffects":true,"showParticleSystems":true},"in2DMode":false,"pivot":{"x":138.03807067871095,"y":62.75979995727539,"z":303.01190185546877},"rotation":{"x":-0.418069064617157,"y":0.42158231139183047,"z":-0.22838866710662843,"w":-0.7716704607009888},"size":6.94403600692749,"orthographic":false}