{"cameraMode":{"drawMode":0,"name":"Shaded","section":"Shading Mode"},"sceneLighting":false,"audioPlay":false,"sceneViewState":{"showFog":true,"showMaterialUpdate":false,"showSkybox":false,"showFlares":true,"showImageEffects":true,"showParticleSystems":true},"in2DMode":false,"pivot":{"x":-192.195068359375,"y":74.5272445678711,"z":145.93614196777345},"rotation":{"x":-0.06844977289438248,"y":0.8741018176078796,"z":-0.1272834837436676,"w":-0.4657827913761139},"size":2.821669101715088,"orthographic":false}