{"cameraMode":{"drawMode":0,"name":"Shaded","section":"Shading Mode"},"sceneLighting":true,"audioPlay":false,"sceneViewState":{"showFog":true,"showMaterialUpdate":false,"showSkybox":true,"showFlares":true,"showImageEffects":true,"showParticleSystems":true},"in2DMode":false,"pivot":{"x":-189.42999267578126,"y":74.93022918701172,"z":150.91000366210938},"rotation":{"x":0.04290168359875679,"y":-0.8901180624961853,"z":0.08571658283472061,"w":0.4455548822879791},"size":6.0541791915893559,"orthographic":false}