{"cameraMode":{"drawMode":0,"name":"Shaded","section":"Shading Mode"},"sceneLighting":true,"audioPlay":false,"sceneViewState":{"showFog":true,"showMaterialUpdate":false,"showSkybox":true,"showFlares":true,"showImageEffects":true,"showParticleSystems":true},"in2DMode":false,"pivot":{"x":-179.19703674316407,"y":57.35674285888672,"z":128.08792114257813},"rotation":{"x":-0.09864144027233124,"y":-0.9013588428497315,"z":0.3012045621871948,"w":-0.29519325494766238},"size":33.32143020629883,"orthographic":false}