{"cameraMode":{"drawMode":0,"name":"Shaded","section":"Shading Mode"},"sceneLighting":false,"audioPlay":false,"sceneViewState":{"showFog":true,"showMaterialUpdate":false,"showSkybox":false,"showFlares":true,"showImageEffects":true,"showParticleSystems":true},"in2DMode":false,"pivot":{"x":-192.20323181152345,"y":74.10123443603516,"z":146.31997680664063},"rotation":{"x":-0.009889420121908188,"y":0.9906424880027771,"z":-0.1031808853149414,"w":-0.09184311330318451},"size":2.7192883491516115,"orthographic":false}