{"cameraMode":{"drawMode":0,"name":"Shaded","section":"Shading Mode"},"sceneLighting":false,"audioPlay":false,"sceneViewState":{"showFog":true,"showMaterialUpdate":false,"showSkybox":false,"showFlares":true,"showImageEffects":true,"showParticleSystems":true},"in2DMode":false,"pivot":{"x":-12.680000305175782,"y":0.10700035095214844,"z":0.0},"rotation":{"x":-0.07743465155363083,"y":0.7568939328193665,"z":-0.09175130724906922,"w":-0.6429233551025391},"size":22.392335891723634,"orthographic":false}