{"cameraMode":{"drawMode":0,"name":"Shaded","section":"Shading Mode"},"sceneLighting":true,"audioPlay":false,"sceneViewState":{"showFog":true,"showMaterialUpdate":false,"showSkybox":true,"showFlares":true,"showImageEffects":true,"showParticleSystems":true},"in2DMode":false,"pivot":{"x":-182.3969268798828,"y":75.9332046508789,"z":171.1717987060547},"rotation":{"x":0.1448480635881424,"y":-0.7414113879203796,"z":0.16973072290420533,"w":0.6330862641334534},"size":22.21513557434082,"orthographic":false}