{"cameraMode":{"drawMode":0,"name":"Shaded","section":"Shading Mode"},"sceneLighting":true,"audioPlay":false,"sceneViewState":{"showFog":true,"showMaterialUpdate":false,"showSkybox":false,"showFlares":true,"showImageEffects":true,"showParticleSystems":true},"in2DMode":false,"pivot":{"x":2.921999931335449,"y":4.071000099182129,"z":0.003999948501586914},"rotation":{"x":-0.0036828310694545509,"y":0.9958214163780212,"z":-0.08233224600553513,"w":-0.04192895442247391},"size":9.899421691894532,"orthographic":false}