{"cameraMode":{"drawMode":0,"name":"Shaded","section":"Shading Mode"},"sceneLighting":true,"audioPlay":false,"sceneViewState":{"showFog":true,"showMaterialUpdate":false,"showSkybox":true,"showFlares":true,"showImageEffects":true,"showParticleSystems":true},"in2DMode":false,"pivot":{"x":-15.327123641967774,"y":11.623279571533204,"z":24.131532669067384},"rotation":{"x":-0.042656853795051578,"y":0.9251781105995178,"z":-0.36097273230552676,"w":-0.10932400077581406},"size":17.129117965698243,"orthographic":false}