{"cameraMode":{"drawMode":0,"name":"Shaded","section":"Shading Mode"},"sceneLighting":false,"audioPlay":false,"sceneViewState":{"showFog":true,"showMaterialUpdate":false,"showSkybox":false,"showFlares":true,"showImageEffects":true,"showParticleSystems":true},"in2DMode":false,"pivot":{"x":131.52975463867188,"y":62.4000129699707,"z":349.9248046875},"rotation":{"x":-0.418069064617157,"y":0.42158231139183047,"z":-0.22838866710662843,"w":-0.7716704607009888},"size":10.150344848632813,"orthographic":false}