{"cameraMode":{"drawMode":0,"name":"Shaded","section":"Shading Mode"},"sceneLighting":false,"audioPlay":false,"sceneViewState":{"showFog":true,"showMaterialUpdate":false,"showSkybox":false,"showFlares":true,"showImageEffects":true,"showParticleSystems":true},"in2DMode":false,"pivot":{"x":132.55369567871095,"y":61.3961181640625,"z":355.59088134765627},"rotation":{"x":-0.08857350796461106,"y":0.49132582545280459,"z":-0.05023888126015663,"w":-0.8650891780853272},"size":5.516940116882324,"orthographic":false}