{"cameraMode":{"drawMode":0,"name":"Shaded","section":"Shading Mode"},"sceneLighting":true,"audioPlay":false,"sceneViewState":{"showFog":true,"showMaterialUpdate":false,"showSkybox":true,"showFlares":true,"showImageEffects":true,"showParticleSystems":true},"in2DMode":false,"pivot":{"x":322.6415100097656,"y":43.37347412109375,"z":-113.3095703125},"rotation":{"x":-0.19570942223072053,"y":0.34724506735801699,"z":-0.06892237067222595,"w":-0.9153077602386475},"size":242.32980346679688,"orthographic":false}