{"cameraMode":{"drawMode":0,"name":"Shaded","section":"Shading Mode"},"sceneLighting":false,"audioPlay":false,"sceneViewState":{"showFog":true,"showMaterialUpdate":false,"showSkybox":false,"showFlares":true,"showImageEffects":true,"showParticleSystems":true},"in2DMode":false,"pivot":{"x":0.09099578857421875,"y":0.4016571044921875,"z":-0.19272232055664063},"rotation":{"x":-0.16377343237400056,"y":-0.3840768039226532,"z":0.06950590759515763,"w":-0.906329870223999},"size":8.37555980682373,"orthographic":false}