{"cameraMode":{"drawMode":0,"name":"Shaded","section":"Shading Mode"},"sceneLighting":false,"audioPlay":false,"sceneViewState":{"showFog":true,"showMaterialUpdate":false,"showSkybox":false,"showFlares":true,"showImageEffects":true,"showParticleSystems":true},"in2DMode":false,"pivot":{"x":-14.069920539855957,"y":1.2788100242614747,"z":2.1644749641418459},"rotation":{"x":0.4127621054649353,"y":0.49109500646591189,"z":-0.2849286198616028,"w":0.7124294638633728},"size":31.628692626953126,"orthographic":false}