{"cameraMode":{"drawMode":0,"name":"Shaded","section":"Shading Mode"},"sceneLighting":false,"audioPlay":false,"sceneViewState":{"showFog":true,"showMaterialUpdate":false,"showSkybox":false,"showFlares":true,"showImageEffects":true,"showParticleSystems":true},"in2DMode":false,"pivot":{"x":570.1792602539063,"y":316.98724365234377,"z":-3.809746265411377},"rotation":{"x":-0.06447221338748932,"y":0.009411352686583996,"z":-0.00006827818288002163,"w":-0.9981216192245483},"size":262.2029724121094,"orthographic":false}