{"cameraMode":{"drawMode":0,"name":"Shaded","section":"Shading Mode"},"sceneLighting":true,"audioPlay":false,"sceneViewState":{"showFog":true,"showMaterialUpdate":false,"showSkybox":true,"showFlares":true,"showImageEffects":true,"showParticleSystems":true},"in2DMode":false,"pivot":{"x":-208.4803009033203,"y":56.337684631347659,"z":101.35134887695313},"rotation":{"x":-0.18405365943908692,"y":0.7600324749946594,"z":-0.24387919902801515,"w":-0.5735931396484375},"size":183.22006225585938,"orthographic":false}