{"cameraMode":{"drawMode":0,"name":"Shaded","section":"Shading Mode"},"sceneLighting":false,"audioPlay":false,"sceneViewState":{"showFog":true,"showMaterialUpdate":false,"showSkybox":false,"showFlares":true,"showImageEffects":true,"showParticleSystems":true},"in2DMode":false,"pivot":{"x":-106.14654541015625,"y":9.05467700958252,"z":-125.07415771484375},"rotation":{"x":-0.04360508918762207,"y":0.7371581792831421,"z":-0.047475554049015048,"w":-0.6727615594863892},"size":22.48257827758789,"orthographic":false}