{"cameraMode":{"drawMode":0,"name":"Shaded","section":"Shading Mode"},"sceneLighting":false,"audioPlay":false,"sceneViewState":{"showFog":true,"showMaterialUpdate":false,"showSkybox":false,"showFlares":true,"showImageEffects":true,"showParticleSystems":true},"in2DMode":false,"pivot":{"x":-55.95053482055664,"y":62.786373138427737,"z":-37.60477066040039},"rotation":{"x":0.15378037095069886,"y":0.1408926099538803,"z":-0.022159133106470109,"w":0.9777625203132629},"size":12.748932838439942,"orthographic":false}