{"cameraMode":{"drawMode":0,"name":"Shaded","section":"Shading Mode"},"sceneLighting":true,"audioPlay":false,"sceneViewState":{"showFog":true,"showMaterialUpdate":false,"showSkybox":true,"showFlares":true,"showImageEffects":true,"showParticleSystems":true},"in2DMode":false,"pivot":{"x":-191.43211364746095,"y":76.3349380493164,"z":156.76019287109376},"rotation":{"x":-0.010890588164329529,"y":-0.9748992919921875,"z":0.2169816493988037,"w":-0.04887371510267258},"size":8.168051719665528,"orthographic":false}