{"cameraMode":{"drawMode":0,"name":"Shaded","section":"Shading Mode"},"sceneLighting":false,"audioPlay":false,"sceneViewState":{"showFog":true,"showMaterialUpdate":false,"showSkybox":false,"showFlares":true,"showImageEffects":true,"showParticleSystems":true},"in2DMode":false,"pivot":{"x":135.9605255126953,"y":62.241065979003909,"z":310.2236633300781},"rotation":{"x":-0.418069064617157,"y":0.42158231139183047,"z":-0.22838866710662843,"w":-0.7716704607009888},"size":7.083273887634277,"orthographic":false}