{"cameraMode":{"drawMode":0,"name":"Shaded","section":"Shading Mode"},"sceneLighting":false,"audioPlay":false,"sceneViewState":{"showFog":true,"showMaterialUpdate":false,"showSkybox":false,"showFlares":true,"showImageEffects":true,"showParticleSystems":true},"in2DMode":false,"pivot":{"x":-122.80735778808594,"y":81.71914672851563,"z":131.33139038085938},"rotation":{"x":0.18221361935138703,"y":0.16782602667808534,"z":-0.03158056363463402,"w":0.9683206677436829},"size":20.678850173950197,"orthographic":false}