{"cameraMode":{"drawMode":0,"name":"Shaded","section":"Shading Mode"},"sceneLighting":true,"audioPlay":false,"sceneViewState":{"showFog":true,"showMaterialUpdate":false,"showSkybox":false,"showFlares":true,"showImageEffects":true,"showParticleSystems":true},"in2DMode":false,"pivot":{"x":-98.4134521484375,"y":76.46553802490235,"z":122.83551788330078},"rotation":{"x":-0.001457289676181972,"y":0.9985344409942627,"z":-0.040462739765644076,"w":-0.03596300631761551},"size":1.345876693725586,"orthographic":true}