{"cameraMode":{"drawMode":0,"name":"Shaded","section":"Shading Mode"},"sceneLighting":false,"audioPlay":false,"sceneViewState":{"showFog":true,"showMaterialUpdate":false,"showSkybox":false,"showFlares":true,"showImageEffects":true,"showParticleSystems":true},"in2DMode":false,"pivot":{"x":0.003809809684753418,"y":1.0445905923843384,"z":-0.011580109596252442},"rotation":{"x":-0.10478504747152329,"y":0.23393982648849488,"z":-0.025302864611148835,"w":-0.9663342237472534},"size":6.330827236175537,"orthographic":false}