{"cameraMode":{"drawMode":0,"name":"Shaded","section":"Shading Mode"},"sceneLighting":true,"audioPlay":false,"sceneViewState":{"showFog":true,"showMaterialUpdate":false,"showSkybox":true,"showFlares":true,"showImageEffects":true,"showParticleSystems":true},"in2DMode":false,"pivot":{"x":-65.71284484863281,"y":61.165287017822269,"z":49.3861198425293},"rotation":{"x":-0.013285159133374691,"y":0.4636179208755493,"z":0.006964479573071003,"w":0.8859447240829468},"size":93.52506256103516,"orthographic":false}