{"cameraMode":{"drawMode":0,"name":"Shaded","section":"Shading Mode"},"sceneLighting":false,"audioPlay":false,"sceneViewState":{"showFog":true,"showMaterialUpdate":false,"showSkybox":false,"showFlares":true,"showImageEffects":true,"showParticleSystems":true},"in2DMode":false,"pivot":{"x":135.9605255126953,"y":62.241065979003909,"z":310.2236633300781},"rotation":{"x":-0.12459906190633774,"y":0.5204763412475586,"z":-0.07701735943555832,"w":-0.8413078784942627},"size":7.083273887634277,"orthographic":false}