{"cameraMode":{"drawMode":0,"name":"Shaded","section":"Shading Mode"},"sceneLighting":false,"audioPlay":false,"sceneViewState":{"showFog":true,"showMaterialUpdate":false,"showSkybox":false,"showFlares":true,"showImageEffects":true,"showParticleSystems":true},"in2DMode":false,"pivot":{"x":-116.51195526123047,"y":0.02664172649383545,"z":-73.2198486328125},"rotation":{"x":-0.10833516716957092,"y":0.8657206892967224,"z":-0.21000628173351289,"w":-0.4417904019355774},"size":21.89775276184082,"orthographic":false}