{"cameraMode":{"drawMode":0,"name":"Shaded","section":"Shading Mode"},"sceneLighting":true,"audioPlay":false,"sceneViewState":{"showFog":true,"showMaterialUpdate":false,"showSkybox":true,"showFlares":true,"showImageEffects":true,"showParticleSystems":true},"in2DMode":false,"pivot":{"x":315.79998779296877,"y":54.908241271972659,"z":168.08309936523438},"rotation":{"x":-0.18239936232566834,"y":-0.08708011358976364,"z":0.014073166996240616,"w":-0.9796062707901001},"size":129.8217315673828,"orthographic":false}