{"cameraMode":{"drawMode":0,"name":"Shaded","section":"Shading Mode"},"sceneLighting":true,"audioPlay":false,"sceneViewState":{"showFog":true,"showMaterialUpdate":false,"showSkybox":true,"showFlares":true,"showImageEffects":true,"showParticleSystems":true},"in2DMode":false,"pivot":{"x":287.150634765625,"y":59.11598205566406,"z":160.32371520996095},"rotation":{"x":0.00737267080694437,"y":-0.9770466685295105,"z":0.032169729471206668,"w":0.2116522490978241},"size":106.9455795288086,"orthographic":false}