{"cameraMode":{"drawMode":0,"name":"Shaded","section":"Shading Mode"},"sceneLighting":false,"audioPlay":false,"sceneViewState":{"showFog":true,"showMaterialUpdate":false,"showSkybox":false,"showFlares":true,"showImageEffects":true,"showParticleSystems":true},"in2DMode":false,"pivot":{"x":2.5403575897216799,"y":0.9101550579071045,"z":-81.51756286621094},"rotation":{"x":0.1070636436343193,"y":0.8905174136161804,"z":-0.3482939600944519,"w":0.2730132043361664},"size":53.12630844116211,"orthographic":false}