{"cameraMode":{"drawMode":0,"name":"Shaded","section":"Shading Mode"},"sceneLighting":true,"audioPlay":false,"sceneViewState":{"showFog":true,"showMaterialUpdate":false,"showSkybox":true,"showFlares":true,"showImageEffects":true,"showParticleSystems":true},"in2DMode":false,"pivot":{"x":-119.75472259521485,"y":2.8120179176330568,"z":-68.21321105957031},"rotation":{"x":-0.09591878205537796,"y":0.8404243588447571,"z":-0.15990310907363892,"w":-0.5094830989837647},"size":15.326627731323243,"orthographic":false}