{"cameraMode":{"drawMode":0,"name":"Shaded","section":"Shading Mode"},"sceneLighting":true,"audioPlay":false,"sceneViewState":{"showFog":true,"showMaterialUpdate":false,"showSkybox":true,"showFlares":true,"showImageEffects":true,"showParticleSystems":true},"in2DMode":false,"pivot":{"x":-189.7932891845703,"y":75.85234832763672,"z":148.07122802734376},"rotation":{"x":-0.10050105303525925,"y":0.5395042896270752,"z":-0.06505133956670761,"w":-0.833475649356842},"size":11.541364669799805,"orthographic":false}