{"cameraMode":{"drawMode":0,"name":"Shaded","section":"Shading Mode"},"sceneLighting":true,"audioPlay":false,"sceneViewState":{"showFog":true,"showMaterialUpdate":true,"showSkybox":true,"showFlares":true,"showImageEffects":true,"showParticleSystems":true},"in2DMode":false,"pivot":{"x":-21.920318603515626,"y":-16.22455596923828,"z":86.32563781738281},"rotation":{"x":0.11501601338386536,"y":0.8408657908439636,"z":-0.2000986486673355,"w":0.49027585983276369},"size":226.95286560058595,"orthographic":false}