{"cameraMode":{"drawMode":0,"name":"Shaded","section":"Shading Mode"},"sceneLighting":false,"audioPlay":false,"sceneViewState":{"showFog":true,"showMaterialUpdate":true,"showSkybox":false,"showFlares":true,"showImageEffects":true,"showParticleSystems":true},"in2DMode":false,"pivot":{"x":-180.71609497070313,"y":74.38037109375,"z":150.27029418945313},"rotation":{"x":0.01317042950540781,"y":-0.7064886689186096,"z":-0.011849097907543183,"w":-0.7079220414161682},"size":6.747535228729248,"orthographic":false}