{"cameraMode":{"drawMode":0,"name":"Shaded","section":"Shading Mode"},"sceneLighting":true,"audioPlay":false,"sceneViewState":{"showFog":true,"showMaterialUpdate":true,"showSkybox":true,"showFlares":true,"showImageEffects":true,"showParticleSystems":true},"in2DMode":false,"pivot":{"x":-172.8800048828125,"y":67.6280517578125,"z":157.34207153320313},"rotation":{"x":-0.10575452446937561,"y":-0.7486193776130676,"z":0.12617449462413789,"w":-0.6428287029266357},"size":52.44526672363281,"orthographic":false}