{"cameraMode":{"drawMode":0,"name":"Shaded","section":"Shading Mode"},"sceneLighting":true,"audioPlay":false,"sceneViewState":{"showFog":true,"showMaterialUpdate":true,"showSkybox":true,"showFlares":true,"showImageEffects":true,"showParticleSystems":true},"in2DMode":false,"pivot":{"x":-191.59140014648438,"y":83.94436645507813,"z":137.51536560058595},"rotation":{"x":0.024187371134757997,"y":-0.9358014464378357,"z":0.05693528801202774,"w":0.34824344515800478},"size":62.93387222290039,"orthographic":false}