{"cameraMode":{"drawMode":0,"name":"Shaded","section":"Shading Mode"},"sceneLighting":false,"audioPlay":false,"sceneViewState":{"showFog":true,"showMaterialUpdate":false,"showSkybox":false,"showFlares":true,"showImageEffects":true,"showParticleSystems":true},"in2DMode":false,"pivot":{"x":-146.28298950195313,"y":57.02278518676758,"z":40.16969299316406},"rotation":{"x":0.06150324270129204,"y":-0.7917503714561462,"z":0.07968326658010483,"w":0.6027311086654663},"size":13.366815567016602,"orthographic":false}